<?xml version="1.0" encoding="utf-8"?>
<!--
     Copyright (C) 2018 The LineageOS Project

     Licensed under the Apache License, Version 2.0 (the "License");
     you may not use this file except in compliance with the License.
     You may obtain a copy of the License at

          http://www.apache.org/licenses/LICENSE-2.0

     Unless required by applicable law or agreed to in writing, software
     distributed under the License is distributed on an "AS IS" BASIS,
     WITHOUT WARRANTIES OR CONDITIONS OF ANY KIND, either express or implied.
     See the License for the specific language governing permissions and
     limitations under the License.
-->
<resources>
    <!-- DC Dimming settings -->
    <string name="display_title">Display</string>
    <string name="dc_dimming_enable_title">Anti flicker</string>
    <string name="dc_dimming_enable_summary">Anti flicker mode helps reducing eyestrain in low light conditions by using "DC dimming" feature. It might degrade color accuracy and affect the way some items are displayed.</string>
    <string name="dc_dimming_enable_summary_not_supported">Anti flicker is currently not supported by the kernel</string>

    <!-- Dirac settings -->
    <string name="dirac_enable">Use Mi Sound Enhancer</string>
    <string name="dirac_title">Mi Sound Enhancer</string>
    <string name="dirac_summary">Optimize audio quality</string>
    <string name="dirac_headset_title">Choose headphones type</string>
    <string name="dirac_preset_title">Choose a preset</string>

    <!-- Dirac settings: Hi-Fi -->
    <string name="dirac_hifi_title">Hi-Fi</string>
    <string name="dirac_hifi_summary">Decrease noise and Distortion and increase audio quality</string>
    <string name="dirac_hifi_enable_title">Enable Hi-fi</string>

    <!-- Dirac settings: Headset types -->
    <string name="dirac_headset_default">Default</string>
    <string name="dirac_headset_earbuds">Mi Earbuds</string>
    <string name="dirac_headset_in_ear_2013">Mi In-Ear (2013)</string>
    <string name="dirac_headset_piston_1">Mi Piston-1</string>
    <string name="dirac_headset_general">General</string>
    <string name="dirac_headset_general_inear">General In-Ear</string>
    <string name="dirac_headset_piston_basic">Basic Edition</string>
    <string name="dirac_headset_piston_2">Mi Piston-2</string>
    <string name="dirac_headset_piston_standard">Standard Edition</string>
    <string name="dirac_headset_headphone">Mi Headphones</string>
    <string name="dirac_headset_piston_youth">Youth Edition</string>
    <string name="dirac_headset_piston_color">Color Edition</string>
    <string name="dirac_headset_in_ear">Mi In-Ear</string>
    <string name="dirac_headset_capsule">Mi Capsule</string>
    <string name="dirac_headset_in_ear_pro">Mi In-Ear Pro</string>
    <string name="dirac_headset_comfort">Mi Comfort</string>
    <string name="dirac_headset_reduction_noise">Mi Noise Cancelling Type-C</string>
    <string name="dirac_headset_cancelling">Mi Noise Cancelling 3.5mm</string>
    <string name="dirac_headset_half_in_ear">Mi Half In-Ear</string>
    <string name="dirac_headset_in_ear2">Mi In-Ear 2</string>
    <string name="dirac_headset_earphone_basic">Mi Earphones Basic</string>
    <string name="dirac_headset_earphone">Mi Earphones</string>
    <string name="dirac_headset_ear_four">Mi Quadruple Driver Earphones</string>
    <string name="dirac_headset_piston_typec">Mi In-Ear Headphones (Type-C)</string>
    <string name="dirac_headset_bluetooth_collar">Mi Bluetooth Neckband</string>
    <string name="dirac_headset_bluetooth_linefree">Mi Bluetooth Earphones</string>
    <string name="dirac_headset_redmi_earphones">Redmi Earphones</string>

    <!-- Dirac settings: Equalizer presets -->
    <string name="dirac_preset_default">Default</string>
    <string name="dirac_preset_rock">Rock</string>
    <string name="dirac_preset_jazz">Jazz</string>
    <string name="dirac_preset_pop">Pop</string>
    <string name="dirac_preset_classical">Classical</string>
    <string name="dirac_preset_hiphop">Hip Hop</string>
    <string name="dirac_preset_blues">Blues</string>
    <string name="dirac_preset_electronic">Electronic</string>
    <string name="dirac_preset_country">Country</string>
    <string name="dirac_preset_dance">Dance</string>
    <string name="dirac_preset_metal">Metal</string>
    <string name="dirac_preset_bass_booster">Bass Booster</string>
    <string name="dirac_preset_live">Live</string>
    <string name="dirac_preset_balanced">Balanced</string>
    <string name="dirac_preset_bass_reduction">Bass Reduction</string>
    <string name="dirac_preset_treble_reduction">Treble Reduction</string>
    <string name="dirac_preset_soft_bass">Soft Bass</string>
    <string name="dirac_preset_soft_treble">Soft Treble</string>

    <!-- Dirac Scene Selection -->
    <string name="music_headset_scenario_select">Select scene</string>
    <string name="music_headset_scenario_intelligent">Smart</string>
    <string name="music_headset_scenario_music">Music</string>
    <string name="music_headset_scenario_video">Video</string>
    <string name="music_headset_scenario_vocal">Voice</string>

    <!-- Popup camera settings -->
    <string name="popup_settings_title">Pop-up camera settings</string>
    <string name="popup_led_title">Camera LED</string>
    <string name="popup_led_summary">Show LED light when the front camera appears and retracts</string>
    <string name="popup_sound_title">Sound effects</string>
    <string name="popup_title_muqin">Xylophone</string>
    <string name="popup_title_yingyan">Condor</string>
    <string name="popup_title_mofa">Magic</string>
    <string name="popup_title_jijia">Mecha</string>
    <string name="popup_title_chilun">Gearwheel</string>
    <string name="popup_title_cangmen">Cabin door</string>

    <!-- Popup camera strings -->
    <string name="popup_camera_tip">Attention</string>
    <string name="popup_camera_takeback_failed_times_calibrate">Couldn\'t close front camera multiple times. Try calibrating the camera.</string>
    <string name="popup_camera_popup_failed_times_calibrate">Couldn\'t open front camera multiple times. Try calibrating the camera.</string>
    <string name="popup_camera_calibrate_running">Front camera cannot be used during calibration.</string>
    <string name="popup_camera_calibrate_now">Calibrate</string>
    <string name="popup_camera_calibrate_failed">Couldn\'t calibrate</string>
    <string name="popup_camera_calibrate_success">Calibrated successfully. You can open the front camera now.</string>
    <string name="stop_operate_camera_frequently">You\'re opening the front camera too frequently.</string>
    <string name="takeback_camera_front_failed">Couldn\'t close front camera. Try again.</string>
    <string name="popup_camera_front_failed">Couldn\'t open front camera. Try again.</string>
    <string name="popup_camera_proximity_obstructed">Remove your hand from the proximity sensor to open the front camera...</string>

    <!-- Clear Speaker -->
    <string name="clear_speaker_title">Clear speaker</string>
    <string name="clear_speaker_summary">Play a 30-second audio to clear the speaker</string>
    <string name="clear_speaker_description">Run this feature once or twice if you find that your speaker is lightly blocked by dust. Set media volume to maximum.\n\nIf the speaker is blocked heavily, run this feature 2-5 times while shaking your device with the speaker facing downwards.</string>

    <!-- Moto Actions - Title and summary -->
    <string name="moto_actions_title">Moto Actions</string>

    <!-- Device gestures -->
    <string name="device_gestures_title">Device gestures</string>
    <string name="device_gestures_summary">Manage device gestures</string>

    <!-- Ambient display gestures -->
    <string name="ambient_display_manage_summary">Manage ambient display gestures</string>

    <!-- Fingerprint gestures -->
    <string name="fingerprint_gestures_title">Fingerprint gestures</string>
    <string name="fingerprint_gestures_summary">Use fingerprint gestures</string>
    <string name="fingerprint_gestures_manage_summary">Manage fingerprint gestures</string>
    <string name="fingerprint_actions_screenon">Actions with screen on</string>

    <!-- Fingerprint gestures screen off -->
    <string name="fingerprint_gestures_screenoff_title">Fingerprint gestures when screen off</string>
    <string name="fingerprint_gestures_screenoff_summary">Use fingerprint gestures when screen off.\n\nFingerprint unlocking must be disabled to use this feature.</string>
    <string name="fingerprint_actions_screenoff">Actions with screen off</string>

    <!-- Actions -->
    <string name="action_home">Home</string>
    <string name="action_power">Screen on/off</string>
    <string name="action_wake">Wake</string>
    <string name="action_back">Back</string>
    <string name="action_recents">Recents</string>
    <string name="action_last_app">Last app</string>
    <string name="action_volume_up">Volume up</string>
    <string name="action_volume_down">Volume down</string>
    <string name="action_voice_assistant">Voice assistant</string>
    <string name="action_play_pause">Play/pause</string>
    <string name="action_previous_track">Previous track</string>
    <string name="action_next_track">Next track</string>
    <string name="action_flashlight">Flashlight on/off</string>
    <string name="action_camera">Open camera</string>
    <string name="action_screenshot">Take screenshot</string>
    <string name="action_browser">Open browser</string>
    <string name="action_dialer">Open dialer</string>
    <string name="action_email">Open email app</string>
    <string name="action_messages">Open messages app</string>

    <!-- Screen off gestures -->
    <string name="screen_off_gestures_manage_summary">Manage gestures when screen is off</string>

    <!-- Swipe/tap/long tap -->
    <string name="swipe_left_dlg_title">Select action for swipe left</string>
    <string name="swipe_right_dlg_title">Select action for swipe right</string>
    <string name="swipe_up_dlg_title">Select action for swipe up</string>
    <string name="swipe_down_dlg_title">Select action for swipe down</string>
    <string name="tap_title">Single tap</string>
    <string name="double_tap_title">Double tap</string>
    <string name="long_tap_title">Long tap</string>
    <string name="tap_dlg_title">Select action for single tap</string>
    <string name="double_tap_dlg_title">Select action for double tap</string>
    <string name="long_tap_dlg_title">Select action for long tap</string>

    <!-- Double tap to wake -->
    <string name="tap_to_wake">Tap to wake</string>
    <string name="tap_to_wake_summary">Double-tap anywhere on the screen to wake device</string>
   
    <!-- Proximity sensor -->
    <string name="allow_proximity_sensor_title">Allow proximity sensor</string>
    <string name="allow_proximity_sensor_summary">Check the proximity sensor before performing the action</string>

    <!-- OnePlus - General -->
    <string name="oneplus_advanced_settings">OnePlus Settings</string>
    <string name="oneplus_advanced_settings_summary">Custom settings for your device</string>

    <!-- OnePlus - PanelModes -->
    <string name="panel_modes_settings_title">Panel Modes</string>
    <string name="panel_modes_settings_summary">Choose a pre-made display calibration</string>

    <!-- OnePlus - Alert slider settings -->
    <string name="notification_slider_category_title">Alert slider</string>
    <string name="notification_slider_selection_dialog_title">Action</string>
    <string name="notification_slider_top_position">Top position</string>
    <string name="notification_slider_middle_position">Middle position</string>
    <string name="notification_slider_bottom_position">Bottom position</string>
    <string name="notification_slider_mode_total_silence">Total silence</string>
    <string name="notification_slider_mode_alarms_only">Alarms only</string>
    <string name="notification_slider_mode_priority_only">Priority only</string>
    <string name="notification_slider_mode_silent">Silent</string>
    <string name="notification_slider_mode_vibrate">Vibrate</string>
    <string name="notification_slider_mode_none">Normal</string>

    <!-- Thermal profiles -->
    <string name="thermal_title">Optimization profiles</string>
    <string name="thermal_summary">Adjust per-app profiles for optimum performance</string>
    <string name="thermal_default">No optimization</string>
    <string name="thermal_benchmark">Performance</string>
    <string name="thermal_browser">Browser</string>
    <string name="thermal_camera">Camera</string>
    <string name="thermal_dialer">Dialer</string>
    <string name="thermal_gaming">Games</string>
    <string name="thermal_streaming">Streaming applications</string>

    <!-- Raise to wake strings-->
    <string name="raise_to_wake_gesture_title">Raise to wake</string>
    <string name="raise_to_wake_gesture_summary">Wake up the device instead of pulsing notification</string>

    <!-- Refresh Rate Settings -->
    <string name="device_min_refresh_rate">Minimum refresh rate</string>
    <string name="device_power_save_refresh_rate">Save battery automatically</string>
    <string name="device_power_save_refresh_rate_switch">Automatically lower refresh rate when battery saver is active</string>
    <string name="refresh_rate_settings_title">Screen refresh rate</string>
    <string name="refresh_rate_settings_summary">Adjust screen refresh rate</string>
    <string name="refresh_rate_tile_title">Refresh Rate</string>
    <string name="refresh_rate_tile_disabled">Battery saver enabled</string>

    <!-- Touch Control Settings -->
    <string name="touch_control_title">Touch screen optimizations</string>
    <string name="touch_game_mode_title">Enable game mode</string>
    <string name="touch_game_mode_summary">Helps to improve the gaming experience by optimizing the touch screen</string>
    <string name="touch_response_title">Touch response</string>
    <string name="touch_response_summary">Controls touch response</string>
    <string name="touch_sensitivity_title">Touch sensitivity</string>
    <string name="touch_sensitivity_summary">Controls the sensitivity for repeated taps</string>
    <string name="touch_resistant_title">Touch-resistant area</string>
    <string name="touch_resistant_summary">Reduces sensitivity near the edges to prevent accidental touches</string>

    <!-- Button settings -->
    <string name="button_settings_title">Buttons</string>
    <string name="button_swap_summary">Swap Navigation Buttons</string>
    <string name="home_button_extra_settings">Customize home button behavior</string>

    <!-- Assistant button -->
    <string name="assistant_button_action">Assistant key action</string>

    <!-- Stylus pen -->
    <string name="stylus_title">Stylus Pen</string>

    <!-- High Brightness Mode-->
    <string name="hbm_title">High Brightness Mode</string>

    <!-- LCD Features -->
    <string name="lcd_features_title">Additional Display Features</string>
    <string name="lcd_features_summary">High Brightness Mode (HBM) &amp; Content Adaptive Backlight Control (CABC)</string>
    <string name="lcd_features_info">High Brightness Mode (HBM) increases the maximum brightness of the display to improve visibility under sunlight. Increases power consumption.\n\nContent Adaptive Backlight Control (CABC) adjusts display and backlight brightness based on currently shown content, to reduce power consumption without degradation.</string>
    <string name="kernel_not_supported">Kernel did not support this feature</string>

    <string name="lcd_hbm_title">High Brightness Mode</string>
    <string name="lcd_hbm_summary">Increase screen brightness under sunlight</string>
    <string name="lcd_hbm_tile_title">HBM</string>
    <string name="lcd_hbm_title_enabled">Enabled</string>
    <string name="lcd_hbm_title_disabled">Disabled</string>

    <string name="lcd_cabc_title">Content Adaptive Backlight Control</string>
    <string name="lcd_cabc_tile_title">CABC</string>
    <string name="lcd_cabc_off">Off</string>
    <string name="lcd_cabc_low">Low (UI)</string>
    <string name="lcd_cabc_medium">Medium (Videos)</string>
    <string name="lcd_cabc_high">High (Images)</string>

    <!-- Always on brightness -->
    <string name="doze_brightness_title">Always on brightness</string>
    <string name="doze_brightness_summary">%s mode is enabled</string>
    <string name="doze_brightness_low">Low brightness</string>
    <string name="doze_brightness_high">High brightness</string>
    <string name="doze_brightness_adaptive">Adaptive brightness</string>

    <!-- Refresh Rate per-app -->
    <string name="refresh_title">Refresh rate per-app</string>
    <string name="refresh_summary">Set a specific refresh rate for each application</string>
    <string name="refresh_default">Default</string>
    <string name="refresh_low">Low (30Hz)</string>
    <string name="refresh_medium">Medium (60Hz)</string>
    <string name="refresh_high">High (90Hz)</string>
    <string name="refresh_extreme">Extreme (120Hz)</string>

    <!-- Powershare -->
    <string name="powershare_enable_title">Battery Share</string>
    <string name="powershare_enable_summary">Charge other devices by placing them on the back of your phone</string>
</resources>
